Timestamp,SRD-BTC_USD
2025-04-28 18:17:42,93645.0007198897
2025-04-28 18:17:47,93645.0000915685
2025-04-28 18:17:52,93645.0005808255
2025-04-28 18:17:57,93645.0005998875
2025-04-28 18:18:02,93657.0003219565
2025-04-28 18:18:07,93657.0005445243
2025-04-28 18:25:02,93600.0005007480
2025-04-28 18:25:32,93589.0003654433
2025-04-28 18:26:02,93589.0004665911
2025-04-28 18:26:32,93590.0004981577
2025-04-28 18:27:02,93590.0007591184
2025-04-28 18:27:32,93589.0003799267
2025-04-28 18:28:03,93589.0004472731
2025-04-28 18:28:33,93599.0006584564
2025-04-28 18:29:03,93599.0003359635
2025-04-28 18:29:33,93614.0005645383
2025-04-28 18:30:03,93614.0005776891
2025-04-28 18:30:33,93626.0010589268
2025-04-28 18:31:03,93626.0006761026
2025-04-28 18:31:33,93669.0005677266
2025-04-28 18:32:03,93669.0005181168
2025-04-28 18:32:33,93700.0002093927
2025-04-28 18:33:03,93700.0002586299
2025-04-28 18:33:34,93712.0002444049
2025-04-28 18:34:04,93712.0004364208
2025-04-28 18:34:34,93748.0006088402
2025-04-28 18:35:04,93748.0005176587
2025-04-28 18:35:34,93772.0009673710
2025-04-28 18:36:04,93772.0005288521
2025-04-28 18:36:34,93803.0007254799
2025-04-28 18:37:04,93803.0004866570
2025-04-28 18:37:34,93823.0005905873
2025-04-28 18:38:04,93823.0002982503
2025-04-28 18:38:35,93851.0006944914
2025-04-28 18:39:05,93851.0003619525
2025-04-28 18:39:35,93867.0005920261
2025-04-28 18:40:05,93867.0006295671
2025-04-28 18:40:35,93868.0008002101
2025-04-28 18:41:03,93868.0005220382
2025-04-28 18:41:33,93892.0001838612
2025-04-28 18:42:03,93892.0003776541
2025-04-28 18:42:33,93892.0002474899
2025-04-28 18:43:03,93892.0001966064
2025-04-28 18:43:33,93892.0007658879
2025-04-28 18:44:03,93897.0004555321
2025-04-28 18:44:33,93897.0004865389
2025-04-28 18:45:04,93901.0005785174
2025-04-28 18:45:34,93901.0006911842
2025-04-28 18:46:04,93917.0003770084
2025-04-28 18:46:34,93917.0003568465
2025-04-28 18:47:04,93922.0005208885
2025-04-28 18:47:34,93922.0004035945
2025-04-28 18:48:04,93959.0002864290
2025-04-28 18:48:34,93959.0004667211
2025-04-28 18:49:04,93950.0005546106
2025-04-28 18:49:34,93950.0004048574
2025-04-28 18:50:05,93945.0008357117
2025-04-28 18:50:35,93945.0007375978
2025-04-28 18:51:05,93934.0006332150
2025-04-28 18:51:35,93934.0004458134
2025-04-28 18:52:05,93907.0005418814
2025-04-28 18:52:35,93907.0009577475
2025-04-28 18:53:05,93900.0004594804
2025-04-28 18:53:35,93900.0004411004
2025-04-28 18:54:05,93871.0001975407
2025-04-28 18:54:35,93871.0004528766
2025-04-28 18:55:05,93855.0005578376
2025-04-28 18:55:36,93855.0007202618
2025-04-28 18:56:06,93821.0004262691
2025-04-28 18:56:36,93821.0003220271
2025-04-28 18:57:06,93786.0004425997
2025-04-28 18:57:36,93786.0000320098
2025-04-28 18:58:06,93778.0005689361
2025-04-28 18:58:36,93778.0007702379
2025-04-28 18:59:06,93752.0002977561
2025-04-28 18:59:36,93752.0005917751
2025-04-28 19:00:06,93734.0008161763
2025-04-28 19:00:36,93734.0006613630
2025-04-28 19:01:07,93738.0002175364
2025-04-28 19:01:37,93737.9998933454
2025-04-28 19:02:07,93744.0004390562
2025-04-28 19:02:37,93744.0007545759
2025-04-28 19:03:07,93746.0001031764
2025-04-28 19:03:37,93746.0004200931
2025-04-28 19:04:07,93753.0004021324
2025-04-28 19:04:37,93753.0003874110
2025-04-28 19:05:07,93760.0005506975
2025-04-28 19:05:37,93760.0002065946
2025-04-28 19:06:08,93763.0008761841
2025-04-28 19:06:38,93763.0005064382
2025-04-28 19:07:08,93775.0004194943
2025-04-28 19:07:38,93775.0004185890
2025-04-28 19:08:08,93783.0006105138
2025-04-28 19:08:38,93783.0007016794
2025-04-28 19:09:08,93778.0007345363
2025-04-28 19:09:38,93778.0005535611
2025-04-28 19:10:08,93773.0006969831
2025-04-28 19:10:38,93773.0005293139
2025-04-28 19:11:08,93773.0003045149
2025-04-28 19:11:39,93785.0005793573
2025-04-28 19:12:09,93785.0005250018
2025-04-28 19:12:39,93786.0002322383
2025-04-28 19:13:09,93786.0007310307
2025-04-28 19:13:39,93765.0002839603
2025-04-28 19:14:09,93765.0004607861
2025-04-28 19:14:39,93751.0007309481
2025-04-28 19:15:09,93751.0006803007
2025-04-28 19:15:39,93740.0008566765
2025-04-28 19:16:09,93740.0005353379
2025-04-28 19:16:39,93731.0004911190
2025-04-28 19:17:10,93731.0006173443
2025-04-28 19:17:40,93719.0005611415
2025-04-28 19:18:10,93719.0006753311
2025-04-28 19:18:40,93731.0007021638
2025-04-28 19:19:10,93731.0002832062
2025-04-28 19:19:40,93740.0004553885
2025-04-28 19:20:10,93740.0003561907
2025-04-28 19:20:40,93746.0007625006
2025-04-28 19:21:10,93746.0005813363
2025-04-28 19:21:41,93743.0007003416
2025-04-28 19:22:11,93743.0006899179
2025-04-28 19:22:41,93736.0006364566
2025-04-28 19:23:11,93736.0003655104
2025-04-28 19:23:41,93720.0004217926
2025-04-28 19:24:11,93720.0004952237
2025-04-28 19:24:41,93715.0004266238
2025-04-28 19:25:11,93715.0003759195
2025-04-28 19:25:41,93705.0004030701
2025-04-28 19:26:11,93705.0002430511
2025-04-28 19:26:42,93696.0006193536
2025-04-28 19:27:12,93696.0004642199
2025-04-28 19:27:42,93698.0005370492
2025-04-28 19:28:12,93698.0003034097
2025-04-28 19:28:42,93696.0006074193
2025-04-28 19:29:12,93696.0004991701
2025-04-28 19:29:42,93709.0007411840
2025-04-28 19:30:12,93709.0004826478
2025-04-28 19:30:42,93704.0005466606
2025-04-28 19:31:12,93704.0002050796
2025-04-28 19:31:42,93688.0001187081
2025-04-28 19:32:13,93688.0006659589
2025-04-28 19:32:43,93666.0007663917
2025-04-28 19:33:13,93666.0002790235
2025-04-28 19:33:43,93641.0005632700
2025-04-28 19:34:13,93641.0005039795
2025-04-28 19:34:43,93632.0007516452
2025-04-28 19:35:13,93632.0008325365
2025-04-28 19:35:43,93641.0003079060
2025-04-28 19:36:13,93641.0006820721
2025-04-28 19:36:44,93646.0005150691
2025-04-28 19:37:14,93646.0007349651
2025-04-28 19:37:44,93668.0004718781
2025-04-28 19:38:14,93668.0004296731
2025-04-28 19:38:44,93673.0008312500
2025-04-28 19:39:14,93673.0005317112
2025-04-28 19:39:44,93691.0004052167
2025-04-28 19:40:14,93691.0006429734
2025-04-28 19:40:44,93750.0004405011
2025-04-28 19:41:14,93750.0005711074
2025-04-28 19:41:44,93768.0006971109
2025-04-28 19:42:15,93768.0006233949
2025-04-28 19:42:45,93790.0005884445
2025-04-28 19:43:15,93790.0006168878
2025-04-28 19:43:45,93805.0007098611
2025-04-28 19:44:15,93805.0005379727
2025-04-28 19:44:45,93805.0004805378
2025-04-28 19:45:15,93803.0005900872
2025-04-28 19:45:45,93803.0005246881
2025-04-28 19:46:15,93817.0006513482
2025-04-28 19:46:45,93817.0004633219
2025-04-28 19:47:16,93836.0009529974
2025-04-28 19:47:46,93836.0001634881
2025-04-28 19:48:16,93855.0008171429
2025-04-28 19:48:46,93855.0004311240
2025-04-28 19:49:16,93880.0002767305
2025-04-28 19:49:46,93880.0007116464
2025-04-28 19:50:16,93903.0006938882
2025-04-28 19:50:46,93903.0006385986
2025-04-28 19:51:16,93921.0003704373
2025-04-28 19:51:46,93921.0001686407
2025-04-28 19:52:17,93931.0007523276
2025-04-28 19:52:47,93931.0003765258
2025-04-28 19:53:17,93959.0004654171
2025-04-28 19:53:47,93959.0007411259
2025-04-28 19:54:17,93965.0006122738
2025-04-28 19:54:47,93965.0007678920
2025-04-28 19:55:17,94008.0008298694
2025-04-28 19:55:47,94008.0003260944
2025-04-28 19:56:17,94013.0004816089
2025-04-28 19:56:47,94013.0003501571
2025-04-28 19:57:17,94018.0002385162
2025-04-28 19:57:48,94018.0003609199
2025-04-28 19:58:18,94035.0003568827
2025-04-28 19:58:48,94035.0003075839
2025-04-28 19:59:18,94044.0004440814
2025-04-28 19:59:48,94044.0003891424
2025-04-28 20:00:18,94034.0007074766
2025-04-28 20:00:48,94034.0004410796
2025-04-28 20:01:18,94047.0005994548
2025-04-28 20:01:48,94047.0002974198
2025-04-28 20:02:19,94057.0002969242
2025-04-28 20:02:49,94057.0007056022
2025-04-28 20:03:19,94090.0006868345
2025-04-28 20:03:49,94090.0006396089
2025-04-28 20:04:19,94088.0003626289
2025-04-28 20:04:49,94088.0006413443
2025-04-28 20:05:19,94065.0004699149
2025-04-28 20:05:49,94065.0007020423
2025-04-28 20:06:19,94037.0003548122
2025-04-28 20:06:49,94037.0006945553
2025-04-28 20:07:20,94036.0007796970
2025-04-28 20:07:50,94036.0005561795
2025-04-28 20:08:20,94036.0003539907
2025-04-28 20:08:50,94028.0009346122
2025-04-28 20:09:20,94028.0004496600
2025-04-28 20:09:50,94006.0009980955
2025-04-28 20:10:20,94006.0005529486
2025-04-28 20:10:50,94000.0007285098
2025-04-28 20:11:20,94000.0002866702
2025-04-28 20:11:50,93996.0005575391
2025-04-28 20:12:21,93996.0004246960
2025-04-28 20:12:51,93985.0002171820
2025-04-28 20:13:21,93985.0003741242
2025-04-28 20:13:51,93957.0009230724
2025-04-28 20:14:21,93957.0004448071
2025-04-28 20:14:51,93938.0005348355
2025-04-28 20:15:21,93938.0002242406
2025-04-28 20:15:51,93927.0006418727
2025-04-28 20:16:21,93927.0002472778
2025-04-28 20:16:51,93920.0008508095
2025-04-28 20:17:22,93920.0003833566
2025-04-28 20:17:52,93899.0005475658
2025-04-28 20:18:22,93899.0005644085
2025-04-28 20:18:52,93886.0005555365
2025-04-28 20:19:22,93886.0000531342
2025-04-28 20:19:52,93886.0006979079
2025-04-28 20:20:22,93886.0004578047
2025-04-28 20:20:52,93890.0006948000
2025-04-28 20:21:22,93890.0004231683
2025-04-28 20:21:52,93897.0003319371
2025-04-28 20:22:22,93897.0004568351
2025-04-28 20:22:53,93873.0005250263
2025-04-28 20:23:23,93873.0006603672
2025-04-28 20:23:53,93872.0005117456
2025-04-28 20:24:23,93872.0000934499
2025-04-28 20:24:53,93883.0004302716
2025-04-28 20:25:23,93883.0003216266
2025-04-28 20:25:53,93891.0004415647
2025-04-28 20:26:23,93891.0004671422
2025-04-28 20:26:53,93896.0006373467
2025-04-28 20:27:23,93896.0005641073
2025-04-28 20:27:54,93901.0004053537
2025-04-28 20:28:24,93901.0007991277
2025-04-28 20:28:54,93918.0004817266
2025-04-28 20:29:24,93918.0003671887
2025-04-28 20:29:54,93918.0003964483
2025-04-28 20:30:24,93918.0003737842
2025-04-28 20:30:54,93913.0003705959
2025-04-28 20:31:24,93913.0006345539
2025-04-28 20:31:54,93919.0004805668
2025-04-28 20:32:25,93919.0008082275
2025-04-28 20:32:55,93924.0006955818
2025-04-28 20:33:25,93924.0002831490
2025-04-28 20:33:55,93924.0002618751
2025-04-28 20:34:25,93936.0006021392
2025-04-28 20:34:55,93936.0004700860
2025-04-28 20:35:25,93918.0006306251
2025-04-28 20:35:55,93918.0003027465
2025-04-28 20:36:25,93900.0008232116
2025-04-28 20:36:56,93900.0009315337
2025-04-28 20:37:26,93902.0003006722
2025-04-28 20:37:56,93902.0002537691
2025-04-28 20:38:26,93921.0001529859
2025-04-28 20:38:57,93921.0003364188
2025-04-28 20:39:27,93940.0002556650
2025-04-28 20:39:57,93940.0005260440
2025-04-28 20:40:27,93952.0006409966
2025-04-28 20:40:57,93952.0006520665
2025-04-28 20:41:27,93962.0003574752
2025-04-28 20:41:57,93962.0006951879
2025-04-28 20:42:27,93978.0004139331
2025-04-28 20:42:57,93978.0003234048
2025-04-28 20:43:27,93982.0001389374
2025-04-28 20:43:58,93981.9999636474
2025-04-28 20:44:28,93993.0003240621
2025-04-28 20:44:58,93993.0008759034
2025-04-28 20:45:28,93992.0001773792
2025-04-28 20:45:58,93992.0003586383
2025-04-28 20:46:28,94004.0003991523
2025-04-28 20:46:58,94004.0005665393
2025-04-28 20:47:28,94011.0005591056
2025-04-28 20:47:58,94011.0004083886
2025-04-28 20:48:28,94016.0005868492
2025-04-28 20:48:59,94016.0005026343
2025-04-28 20:49:29,94051.0005464452
2025-04-28 20:49:59,94051.0006031603
2025-04-28 20:50:29,94069.0003563264
2025-04-28 20:50:59,94069.0004217993
2025-04-28 20:51:29,94086.0005537407
2025-04-28 20:51:59,94086.0005618413
2025-04-28 20:52:29,94110.0001628340
2025-04-28 20:52:59,94110.0002107713
2025-04-28 20:53:29,94128.0000461305
2025-04-28 20:54:00,94128.0001286378
2025-04-28 20:54:30,94143.0004885883
2025-04-28 20:55:00,94143.0004540574
2025-04-28 20:55:30,94142.0002149138
2025-04-28 20:56:00,94142.0004153257
2025-04-28 20:56:30,94147.0002139519
2025-04-28 20:57:00,94147.0006255366
2025-04-28 20:57:30,94163.0002666783
2025-04-28 20:58:00,94163.0004990191
2025-04-28 20:58:30,94176.0002777100
2025-04-28 20:59:01,94176.0005817695
2025-04-28 20:59:31,94184.0006362035
2025-04-28 21:00:01,94184.0003984730
2025-04-28 21:00:31,94184.0006258122
2025-04-28 21:01:01,94198.0004197259
2025-04-28 21:01:31,94198.0004973724
2025-04-28 21:02:01,94191.0005442799
2025-04-28 21:02:31,94191.0006236954
2025-04-28 21:03:01,94187.0004476640
2025-04-28 21:03:32,94187.0004047335
2025-04-28 21:04:02,94213.0007318127
2025-04-28 21:04:32,94213.0007941990
2025-04-28 21:05:02,94309.0004087128
2025-04-28 21:05:32,94309.0004814963
2025-04-28 21:06:02,94358.0003227580
2025-04-28 21:06:32,94358.0004398038
2025-04-28 21:07:03,94394.0006889574
2025-04-28 21:07:33,94394.0006829431
2025-04-28 21:08:03,94417.0003975288
2025-04-28 21:08:33,94417.0006665885
2025-04-28 21:09:03,94426.0001741601
2025-04-28 21:09:33,94426.0008690292
2025-04-28 21:10:03,94428.0004461834
2025-04-28 21:10:33,94428.0003305348
2025-04-28 21:11:03,94433.0005672790
2025-04-28 21:11:34,94433.0004811447
2025-04-28 21:12:04,94416.0005333062
2025-04-28 21:12:34,94416.0002981865
2025-04-28 21:13:04,94430.0008638395
2025-04-28 21:13:34,94430.0006514082
2025-04-28 21:14:04,94421.0002241349
2025-04-28 21:14:34,94421.0004805026
2025-04-28 21:15:04,94416.0005502778
2025-04-28 21:15:35,94416.0003787938
2025-04-28 21:16:05,94408.0004370337
2025-04-28 21:16:35,94408.0003404434
2025-04-28 21:17:05,94422.0003113257
2025-04-28 21:17:35,94422.0005125922
2025-04-28 21:18:05,94440.0005865212
2025-04-28 21:18:35,94440.0001172621
2025-04-28 21:19:06,94473.0006757710
2025-04-28 21:19:36,94473.0005793603
2025-04-28 21:20:06,94468.0002990961
2025-04-28 21:20:36,94468.0008705967
2025-04-28 21:21:06,94525.0004247314
2025-04-28 21:21:36,94525.0005531653
2025-04-28 21:22:06,94550.0007430879
2025-04-28 21:22:37,94550.0003712978
2025-04-28 21:23:07,94601.0002492072
2025-04-28 21:23:37,94601.0004784792
2025-04-28 21:24:07,94630.0007115558
2025-04-28 21:24:37,94630.0005875839
2025-04-28 21:25:07,94630.0005213364
2025-04-28 21:25:37,94655.0004096978
2025-04-28 21:26:08,94655.0007017603
2025-04-28 21:26:38,94700.0005075169
2025-04-28 21:27:08,94700.0002977562
2025-04-28 21:27:38,94711.0003228006
2025-04-28 21:28:08,94711.0005456131
2025-04-28 21:28:38,94709.0003650487
2025-04-28 21:29:08,94709.0004838575
2025-04-28 21:29:38,94707.0006842432
2025-04-28 21:30:08,94707.0005029793
2025-04-28 21:30:39,94710.0004183460
2025-04-28 21:31:09,94710.0002755982
2025-04-28 21:31:39,94715.0006404758
2025-04-28 21:32:09,94715.0007365806
2025-04-28 21:32:39,94713.0004478303
2025-04-28 21:33:09,94713.0005697840
2025-04-28 21:33:39,94711.0003295911
2025-04-28 21:34:09,94711.0007689703
2025-04-28 21:34:39,94747.0006802359
2025-04-28 21:35:09,94747.0004691245
2025-04-28 21:35:40,94758.0005166746
2025-04-28 21:36:10,94758.0004321758
2025-04-28 21:36:40,94755.0006949121
2025-04-28 21:37:10,94755.0004470068
2025-04-28 21:37:40,94761.0008304777
2025-04-28 21:38:10,94761.0004374964
2025-04-28 21:38:40,94766.0005615338
2025-04-28 21:39:10,94766.0003835882
2025-04-28 21:39:40,94776.0003798483
2025-04-28 21:40:10,94776.0005266381
2025-04-28 21:40:41,94811.0005472606
2025-04-28 21:41:11,94811.0004579372
2025-04-28 21:41:41,94822.0007590934
2025-04-28 21:42:11,94822.0006823606
2025-04-28 21:42:41,94829.0004901790
2025-04-28 21:43:11,94829.0003826723
2025-04-28 21:43:41,94832.0003404862
2025-04-28 21:44:11,94832.0004372837
2025-04-28 21:44:41,94856.0006096346
2025-04-28 21:45:11,94856.0004181799
2025-04-28 21:45:42,94859.0004005252
2025-04-28 21:46:12,94859.0007366161
2025-04-28 21:46:42,94878.0006307981
2025-04-28 21:47:12,94878.0012599176
2025-04-28 21:47:42,94884.0006535095
2025-04-28 21:48:12,94884.0004132090
2025-04-28 21:48:42,94880.0004666649
2025-04-28 21:49:12,94880.0006207250
2025-04-28 21:49:42,94875.0003556031
2025-04-28 21:50:13,94875.0007432262
2025-04-28 21:50:43,94857.0002266202
2025-04-28 21:51:13,94857.0006263255
2025-04-28 21:51:43,94857.0002072354
2025-04-28 21:52:13,94866.0006962241
2025-04-28 21:52:43,94866.0005936176
2025-04-28 21:53:13,94868.0005333550
2025-04-28 21:53:43,94868.0004547684
2025-04-28 21:54:13,94876.0001297983
2025-04-28 21:54:43,94876.0005713919
2025-04-28 21:55:14,94880.0001372198
2025-04-28 21:55:44,94880.0009398216
2025-04-28 21:56:14,94880.0001120922
2025-04-28 21:56:44,94880.0006315474
2025-04-28 21:57:14,94876.0006487050
2025-04-28 21:57:44,94876.0004857569
2025-04-28 21:58:14,94867.0004564555
2025-04-28 21:58:44,94867.0001748151
2025-04-28 21:59:15,94861.0006552309
2025-04-28 21:59:45,94861.0005583431
2025-04-28 22:00:15,94861.0004078848
2025-04-28 22:00:45,94861.0007271622
2025-04-28 22:01:15,94850.0005826104
2025-04-28 22:01:45,94850.0005493849
2025-04-28 22:02:15,94836.0005652102
2025-04-28 22:02:45,94836.0009185994
2025-04-28 22:03:15,94818.0005698658
2025-04-28 22:03:45,94818.0002336129
2025-04-28 22:04:16,94788.0007203431
2025-04-28 22:04:46,94788.0004139497
2025-04-28 22:05:16,94779.0004507370
2025-04-28 22:05:46,94779.0002989006
2025-04-28 22:06:16,94749.0005752863
2025-04-28 22:06:46,94749.0003122335
2025-04-28 22:07:16,94725.0006636546
2025-04-28 22:07:46,94725.0004986209
2025-04-28 22:08:16,94712.0003088350
2025-04-28 22:08:46,94712.0007564376
2025-04-28 22:09:16,94701.0007366236
2025-04-28 22:09:47,94701.0005919491
2025-04-28 22:10:17,94694.0006923225
2025-04-28 22:10:47,94694.0003628438
2025-04-28 22:11:17,94690.0007910758
2025-04-28 22:11:47,94690.0003478107
2025-04-28 22:12:17,94687.0006482213
2025-04-28 22:12:47,94687.0003366858
2025-04-28 22:13:17,94679.0005782677
2025-04-28 22:13:47,94679.0009313203
2025-04-28 22:14:18,94671.0004969663
2025-04-28 22:14:48,94671.0003894972
2025-04-28 22:15:18,94664.0004398716
2025-04-28 22:15:48,94664.0002398365
2025-04-28 22:16:18,94659.0006088854
2025-04-28 22:16:48,94659.0005358643
2025-04-28 22:17:18,94644.0008599411
2025-04-28 22:17:48,94643.9999565646
2025-04-28 22:18:18,94635.0000774847
2025-04-28 22:18:48,94635.0007691021
2025-04-28 22:19:18,94635.0006066041
2025-04-28 22:19:49,94641.0003798172
2025-04-28 22:20:19,94641.0006806876
2025-04-28 22:20:49,94639.0003933694
2025-04-28 22:21:19,94639.0007792300
2025-04-28 22:21:49,94636.0005364900
2025-04-28 22:22:20,94636.0003794399
2025-04-28 22:22:50,94640.0004541070
2025-04-28 22:23:21,94640.0004658187
2025-04-28 22:23:51,94654.0001792930
2025-04-28 22:24:21,94654.0006949488
2025-04-28 22:24:51,94679.0000610812
2025-04-28 22:25:22,94679.0006600262
2025-04-28 22:25:52,94685.0007427584
2025-04-28 22:26:22,94685.0005078237
2025-04-28 22:26:52,94687.0003966903
2025-04-28 22:27:22,94687.0008358822
2025-04-28 22:27:53,94691.0004419579
2025-04-28 22:28:23,94691.0004276413
2025-04-28 22:28:53,94679.0004386184
2025-04-28 22:29:23,94679.0003655269
2025-04-28 22:29:53,94666.0001868321
2025-04-28 22:30:23,94666.0007816775
2025-04-28 22:30:53,94655.0006849434
2025-04-28 22:31:24,94655.0006239489
2025-04-28 22:31:54,94660.0003458178
2025-04-28 22:32:24,94660.0004446917
2025-04-28 22:32:54,94656.0008300449
2025-04-28 22:33:24,94656.0004849977
2025-04-28 22:33:54,94646.0004703426
2025-04-28 22:34:24,94646.0005583450
2025-04-28 22:34:54,94613.0005400325
2025-04-28 22:35:24,94613.0003538531
2025-04-28 22:35:55,94608.0005360533
2025-04-28 22:36:25,94608.0008731663
2025-04-28 22:36:55,94614.0007466224
2025-04-28 22:37:25,94614.0006572785
2025-04-28 22:37:55,94621.0006615980
2025-04-28 22:38:25,94621.0005333181
2025-04-28 22:38:55,94616.0005430416
2025-04-28 22:39:25,94616.0004878954
2025-04-28 22:39:55,94619.0006996446
2025-04-28 22:40:25,94619.0003647867
2025-04-28 22:40:56,94630.0005526547
2025-04-28 22:41:26,94630.0005970943
2025-04-28 22:41:56,94643.0006233337
2025-04-28 22:42:26,94643.0006350924
2025-04-28 22:42:56,94648.0005658398
2025-04-28 22:43:26,94648.0004161649
2025-04-28 22:43:56,94622.0002983497
2025-04-28 22:44:26,94622.0003289930
2025-04-28 22:44:56,94609.0002390118
2025-04-28 22:45:26,94609.0002295122
2025-04-28 22:45:56,94594.0005930355
2025-04-28 22:46:27,94594.0006888928
2025-04-28 22:46:57,94571.0004104351
2025-04-28 22:47:27,94571.0005097179
2025-04-28 22:47:57,94556.0006419983
2025-04-28 22:48:27,94556.0003843869
2025-04-28 22:48:57,94544.0004114165
2025-04-28 22:49:27,94544.0004381929
2025-04-28 22:49:57,94531.0005474238
2025-04-28 22:50:27,94531.0004916430
2025-04-28 22:50:57,94531.0005154044
2025-04-28 22:51:28,94508.0007379525
2025-04-28 22:51:58,94508.0004480215
2025-04-28 22:52:28,94503.0003121038
2025-04-28 22:52:58,94503.0005344820
2025-04-28 22:53:28,94496.0005963816
2025-04-28 22:53:58,94496.0005610843
2025-04-28 22:54:28,94493.0005727913
2025-04-28 22:54:58,94493.0006602192
2025-04-28 22:55:28,94491.0005572858
2025-04-28 22:55:58,94491.0003275934
2025-04-28 22:56:28,94492.0004248062
2025-04-28 22:56:59,94492.0001460879
2025-04-28 22:57:29,94489.0005019923
2025-04-28 22:57:59,94489.0003667330
2025-04-28 22:58:29,94481.0009208255
2025-04-28 22:58:59,94481.0002268600
2025-04-28 22:59:29,94468.0008277828
2025-04-28 22:59:59,94468.0004861981
2025-04-28 23:00:29,94490.0007506543
2025-04-28 23:00:59,94490.0004746403
2025-04-28 23:01:30,94491.0003183482
2025-04-28 23:02:00,94491.0002765597
2025-04-28 23:02:30,94495.0003445997
2025-04-28 23:03:00,94495.0007095787
2025-04-28 23:03:30,94490.0004637779
2025-04-28 23:04:00,94490.0004125240
2025-04-28 23:04:30,94495.0004283790
2025-04-28 23:05:00,94495.0004805918
2025-04-28 23:05:30,94514.0005344061
2025-04-28 23:06:00,94514.0003377988
2025-04-28 23:06:31,94522.0005952282
2025-04-28 23:07:01,94522.0005658216
2025-04-28 23:07:31,94525.0007246473
2025-04-28 23:08:01,94525.0002721952
2025-04-28 23:08:31,94537.0005874055
2025-04-28 23:09:01,94536.9999790983
2025-04-28 23:09:31,94538.0002878360
2025-04-28 23:10:01,94538.0007511842
2025-04-28 23:10:32,94487.0002502499
2025-04-28 23:11:02,94487.0003990771
2025-04-28 23:11:32,94481.0007865306
2025-04-28 23:12:02,94481.0007154924
2025-04-28 23:12:32,94473.0005535010
2025-04-28 23:13:02,94473.0005677248
2025-04-28 23:13:32,94458.0000925917
2025-04-28 23:14:02,94458.0004577248
2025-04-28 23:14:32,94451.0002545217
2025-04-28 23:15:02,94451.0003655009
2025-04-28 23:15:33,94436.0005027914
2025-04-28 23:16:03,94436.0004422796
2025-04-28 23:50:54,94382.0002242223
2025-04-28 23:51:24,94383.0005821107
2025-04-28 23:51:54,94383.0003806174
2025-04-28 23:52:24,94388.0003707138
2025-04-28 23:52:54,94388.0004764084
2025-04-28 23:53:24,94388.0004644006
2025-04-28 23:53:55,94430.0001813799
2025-04-28 23:54:25,94430.0001950145
2025-04-28 23:54:55,94456.0007096874
2025-04-28 23:55:25,94456.0003873773
2025-04-28 23:55:55,94461.0004463704
2025-04-28 23:56:25,94461.0003010197
2025-04-28 23:56:55,94463.0004066355
2025-04-28 23:57:25,94463.0001717651
2025-04-28 23:57:55,94470.0006231295
2025-04-28 23:58:25,94470.0005994973
2025-04-28 23:58:56,94481.0004174586
2025-04-28 23:59:26,94481.0004341139
2025-04-28 23:59:56,94490.0004278819
2025-04-29 00:00:26,94490.0002426988
2025-04-29 00:00:56,94509.0005422430
2025-04-29 00:01:26,94509.0003319570
2025-04-29 00:01:56,94518.0005394018
2025-04-29 00:02:26,94518.0004123221
2025-04-29 00:02:57,94528.0004816249
2025-04-29 00:03:27,94528.0009476787
2025-04-29 00:03:57,94532.0008714257
2025-04-29 00:04:27,94532.0005081421
2025-04-29 00:04:57,94522.0001646311
2025-04-29 00:05:27,94522.0004945557
2025-04-29 00:05:57,94522.0006035873
2025-04-29 00:06:27,94522.0006755673
2025-04-29 00:06:57,94532.0003472472
2025-04-29 00:07:27,94532.0000630595
2025-04-29 00:07:57,94575.0005422004
2025-04-29 00:08:27,94575.0006664809
2025-04-29 07:54:29,94282.0010300474
2025-04-29 07:55:00,94282.0004704604
2025-04-29 07:55:30,94298.0006023967
2025-04-29 07:56:00,94298.0006592750
2025-04-29 07:56:30,94294.0002824492
2025-04-29 07:57:00,94294.0004504961
2025-04-29 07:57:30,94303.0008565725
2025-04-29 07:58:00,94303.0003900583
2025-04-29 07:58:30,94314.0008210316
2025-04-29 07:59:00,94314.0007633874
2025-04-29 07:59:30,94321.0005953671
2025-04-29 08:00:01,94321.0008323978
2025-04-29 08:00:31,94312.0003574107
2025-04-29 08:01:01,94312.0004157262
2025-04-29 08:01:31,94301.0002046227
2025-04-29 08:01:58,94301.0004472902
2025-04-29 08:02:28,94310.0005128271
2025-04-29 08:02:58,94310.0002997446
2025-04-29 08:03:28,94344.0006979715
2025-04-29 08:03:58,94344.0004405448
2025-04-29 08:04:28,94388.0005177402
2025-04-29 08:04:58,94388.0006052369
2025-04-29 08:05:28,94409.0005417582
2025-04-29 08:05:59,94409.0004458422
2025-04-29 08:06:29,94415.0004667245
2025-04-29 08:06:59,94415.0002590169
2025-04-29 08:07:29,94415.0008296442
2025-04-29 08:07:59,94422.0007215946
2025-04-29 08:08:29,94422.0005844241
2025-04-29 08:43:54,94690.0003416994
2025-04-29 08:44:24,94674.0005129673
2025-04-29 08:44:54,94674.0004398817
2025-04-29 08:45:24,94663.0009990634
2025-04-29 08:45:54,94663.0002055481
2025-04-29 08:46:25,94654.0002433433
2025-04-29 08:46:55,94654.0001059542
2025-04-29 08:47:25,94650.0003032731
2025-04-29 08:47:55,94650.0006626255
2025-04-29 08:48:25,94651.0002576159
2025-04-29 08:48:55,94651.0005046404
2025-04-29 08:49:25,94650.0007848909
2025-04-29 08:49:55,94650.0007659615
2025-04-29 08:50:25,94650.0006311988
2025-04-29 08:50:55,94645.0006217256
2025-04-29 08:51:26,94645.0007909775
2025-04-29 08:51:56,94652.0006354822
2025-04-29 08:52:26,94652.0004043989
2025-04-29 08:52:56,94664.0004138064
2025-04-29 08:53:26,94664.0004720202
2025-04-29 08:53:56,94678.0006157719
2025-04-29 08:54:26,94678.0005264050
2025-04-29 08:54:56,94708.0005023390
2025-04-29 08:55:26,94708.0004505558
2025-04-29 08:55:56,94732.0003038391
2025-04-29 08:56:27,94732.0005386888
2025-04-29 08:56:57,94738.0005540400
2025-04-29 08:57:27,94738.0008260796
2025-04-29 08:57:57,94756.0005896321
2025-04-29 08:58:27,94756.0001425611
2025-04-29 08:58:57,94776.0008379405
2025-04-29 08:59:27,94776.0005865922
2025-04-29 08:59:57,94792.0007411264
2025-04-29 09:00:27,94792.0002355624
2025-04-29 09:00:58,94799.0003452402
2025-04-29 09:01:28,94799.0002393974
2025-04-29 09:01:58,94801.0002310786
2025-04-29 09:02:28,94801.0007074920
2025-04-29 09:02:58,94799.0008310275
2025-04-29 09:03:28,94799.0005537258
2025-04-29 22:32:44,96320.3690879919
2025-04-29 22:32:59,95643.9246405035
2025-04-29 22:33:14,95439.3409743743
2025-04-29 22:33:29,95701.7251912523
2025-04-29 22:33:44,95499.5162071118
2025-04-29 22:33:59,95279.7689233948
2025-04-29 22:34:14,96551.3659251178
2025-04-29 22:34:29,93295.0583105723
2025-04-30 10:57:54,96459.3095114016
2025-04-30 10:58:09,97602.7992599384
2025-04-30 10:58:24,97798.6639748444
2025-04-30 10:58:39,92677.3324193065
2025-04-30 10:58:54,94904.1801900391
2025-04-30 10:59:09,93569.2291036397
2025-04-30 10:59:24,92620.5485388704
2025-05-01 09:51:40,96498.7045244985
2025-05-01 09:51:55,97761.0432228233
2025-05-01 09:52:10,96452.7852898472
2025-05-01 09:52:25,93104.2116972390
2025-05-01 09:55:20,96601.5252800793
2025-05-01 09:55:35,95954.3384251076
2025-05-01 10:09:12,96185.2946675338
2025-05-01 10:09:27,94365.4189960395
2025-05-01 10:09:42,93569.2456518828
2025-05-01 10:09:57,96221.4467355172
2025-05-01 10:10:12,95689.0224700073
2025-05-01 10:10:27,95137.4212404190
2025-05-01 10:10:42,94036.5327230545
2025-05-01 10:10:57,94703.8569435211
2025-05-01 10:11:12,96775.0102596331
2025-05-01 10:11:28,93562.2528181109
2025-05-01 10:11:39,94180.2424169683
2025-05-01 10:11:54,93052.8476069519
2025-05-01 10:12:09,93150.3432277530
2025-05-01 10:12:24,94167.5263592866
2025-05-01 10:18:41,94842.3480149571
2025-05-01 10:18:56,95142.5549098355
2025-05-01 10:19:11,98288.8801510946
2025-05-01 10:19:26,94250.7293112276
2025-05-01 10:19:41,94865.9100277760
2025-05-01 10:19:57,93126.2807421804
2025-05-01 10:20:12,96209.1326072022
2025-05-01 10:20:27,93678.0472294549
2025-05-01 10:20:42,93919.3127750556
2025-05-01 11:10:44,95851.2004451144
2025-05-01 11:10:59,96395.4253492077
2025-05-01 11:11:14,95626.6648967310
2025-05-01 11:11:29,95526.6575182539
2025-05-01 11:11:44,95025.5603304111
2025-05-01 11:12:00,92851.3709080605
2025-05-01 11:12:15,94917.4217172718
2025-05-01 11:12:30,92691.4543358164
2025-05-01 11:12:45,96228.2384365626
2025-05-01 11:13:00,95284.3121483136
2025-05-01 11:13:15,96963.3031282906
2025-05-01 11:13:30,95927.2614458839
2025-05-01 11:13:45,94384.5390593402
2025-05-01 11:14:00,95367.9678739054
2025-05-01 11:14:15,94885.3675169643
2025-05-01 11:14:30,95453.8834854515
2025-05-01 11:14:45,95370.9991827958
2025-05-01 11:15:00,92592.4643127411
2025-05-01 11:15:15,94443.5992457549
2025-05-01 11:15:30,96182.4952359711
2025-05-01 11:15:45,95473.3847049096
2025-05-01 11:16:00,94850.2193881481
2025-05-01 11:20:44,92993.4879342850
2025-05-01 11:20:59,96435.9578852334
2025-05-01 11:23:51,93976.6872358562
2025-05-01 11:24:07,95590.4984688247
2025-05-01 11:36:12,94243.0773504605
2025-05-01 11:36:27,95360.0818239989
2025-05-01 11:44:12,96032.7363834925
2025-05-01 11:44:27,94543.2961344199
2025-05-01 11:44:42,97654.9232561849
2025-05-01 11:44:57,96635.5208972426
2025-05-01 11:45:12,97432.8470108819
2025-05-01 11:45:27,95593.9669170871
2025-05-01 11:51:10,96374.6620171980
2025-05-01 11:51:25,95474.6256619265
2025-05-01 11:51:40,95810.4646718481
2025-05-01 11:51:55,94136.3270405952
2025-05-01 11:52:11,94482.9128667292
2025-05-01 11:52:26,96865.9487657204
2025-05-01 11:52:41,96385.4593538819
2025-05-01 11:52:56,95636.6035788261
2025-05-01 11:53:11,94666.2280275983
2025-05-01 11:53:26,94604.9284681240
2025-05-01 11:53:41,96243.6815784728
2025-05-01 11:53:56,94346.1734902570
2025-05-01 11:54:11,96277.1523944011
2025-05-01 11:54:26,96893.1941356959
2025-05-01 11:54:41,96182.3024118509
2025-05-01 11:54:56,97015.4463220494
2025-05-01 11:55:11,95745.0590502993
2025-05-01 11:55:26,95403.4997047193
2025-05-01 11:55:41,93753.5431662318
2025-05-01 11:55:56,97413.6581055407
2025-05-01 11:56:11,95770.9909182830
2025-05-01 11:56:26,97207.7964694866
2025-05-01 11:56:41,97116.4530824075
2025-05-01 11:56:56,93198.5192719180
2025-05-01 11:57:11,96458.4098306404
2025-05-01 11:58:22,94697.8514302723
2025-05-01 11:58:37,93566.4709185693
2025-05-01 11:58:52,98553.8591214796
2025-05-01 11:59:07,93311.2713169922
2025-05-01 11:59:22,97751.1985830123
2025-05-01 11:59:37,96113.3687145505
2025-05-01 11:59:52,96011.8269526386
2025-05-01 12:16:53,95708.3509335097
2025-05-01 12:17:08,95820.5471252874
2025-05-01 12:35:05,95686.4301153822
2025-05-01 12:35:20,96539.7937082830
2025-05-01 12:41:10,96301.9670173730
2025-05-01 12:41:25,96834.0708245581
2025-05-01 12:41:40,96988.9034553659
2025-05-01 12:41:55,94982.4405660378
2025-05-01 12:42:10,96898.8559909176
2025-05-01 12:42:25,94382.8443277941
2025-05-01 12:42:40,94905.1528505824
2025-05-01 12:44:56,99149.3087741641
2025-05-01 12:45:11,96091.0728699785
2025-05-01 12:45:26,97627.1911706714
2025-05-01 12:45:41,95425.9813511679
2025-05-01 12:45:56,94455.3839692453
2025-05-01 12:46:11,95054.7045647025
2025-05-01 12:46:26,94545.7472392650
2025-05-01 12:46:41,96282.9982229845
2025-05-01 12:46:56,96683.1627022279
2025-05-01 12:47:11,95637.1199494531
2025-05-01 12:47:26,95610.9048360741
2025-05-01 12:47:41,95758.9319611286
2025-05-01 12:47:47,97838.0083174295
2025-05-01 12:48:02,96663.3525661906
2025-05-01 12:48:17,94628.2277326240
2025-05-01 12:48:32,94709.3016963891
2025-05-01 12:48:47,96627.2555266010
2025-05-01 12:49:03,93544.8424167587
2025-05-01 12:49:18,95416.0730137584
2025-05-01 12:49:33,97082.2359945723
2025-05-01 12:49:48,95215.9949419264
2025-05-01 12:50:03,94328.0378370772
2025-05-01 12:50:18,96984.2455505248
2025-05-01 12:50:33,93449.8116519685
2025-05-01 12:50:48,96171.0103699864
2025-05-01 12:51:03,94741.0005915774
2025-05-01 12:51:18,95263.7752488069
2025-05-01 12:51:33,94855.6136817704
2025-05-01 12:51:48,96105.1278627743
2025-05-01 12:52:03,94962.8101985035
2025-05-01 12:52:18,98164.6657178566
2025-05-01 12:52:33,95213.1925782939
2025-05-01 12:52:48,95869.6061957488
2025-05-01 12:53:03,96445.5532220097
2025-05-01 12:53:18,94146.4639359816
2025-05-01 12:53:33,98354.2215587437
2025-05-01 12:53:48,95496.1888926299
2025-05-01 12:54:03,96778.4130879333
2025-05-01 12:54:18,96376.6778560194
2025-05-01 12:54:33,95524.6627860946
2025-05-01 12:54:49,95601.3367785385
2025-05-01 12:55:04,98289.0440205184
2025-05-01 12:55:19,96920.4672883551
2025-05-01 12:55:34,95895.9520428651
2025-05-01 12:55:49,94893.5841980028
2025-05-01 12:56:04,92514.3475552545
2025-05-01 12:56:19,96565.2669506435
2025-05-01 12:56:34,94153.3378743520
2025-05-01 12:56:49,94087.3705747535
2025-05-01 12:57:04,95873.4626355625
2025-05-01 12:57:19,94181.7993256706
2025-05-01 12:57:34,94951.0573461418
2025-05-01 12:57:49,95697.3941193247
2025-05-01 12:58:04,94771.7149273483
2025-05-01 12:58:19,94668.2922823400
2025-05-01 12:58:34,97137.9775124167
2025-05-01 12:58:49,96115.7053167308
2025-05-01 12:59:04,96763.7691782500
2025-05-01 12:59:19,95819.2778719347
2025-05-01 12:59:34,97119.4862593112
2025-05-01 12:59:49,97529.9511387610
2025-05-01 13:00:04,94039.7133815178
2025-05-01 13:00:20,98847.8543747740
2025-05-01 13:00:35,92818.4598373639
2025-05-01 13:00:50,95764.9854483424
2025-05-01 13:01:05,96627.3299256186
2025-05-01 13:01:20,93147.5301282927
2025-05-01 13:01:35,99947.8331935486
2025-05-01 13:01:50,95892.4030028381
2025-05-01 13:02:05,96396.9477552858
2025-05-01 13:02:20,95067.2016392823
2025-05-01 13:02:35,96213.3788325008
2025-05-01 13:02:50,94922.7709135303
2025-05-01 13:03:05,94758.4104840516
2025-05-01 13:03:20,95770.2073888260
2025-05-01 13:03:35,98058.5572920043
2025-05-01 13:03:50,95402.8675527585
2025-05-01 13:04:05,96585.2734945265
2025-05-01 13:04:20,97403.1345721901
2025-05-01 13:04:35,96814.3434876460
2025-05-01 13:04:50,95484.7816284271
2025-05-01 13:05:06,94363.9239161316
2025-05-01 13:05:21,97645.2479402540
2025-05-01 13:05:36,95790.5130917010
2025-05-01 13:05:51,96424.6705076382
2025-05-01 13:06:06,95245.9294750907
2025-05-01 13:06:21,96333.9666255296
2025-05-01 13:06:36,97804.6190604262
2025-05-01 13:06:51,95173.5927734178
2025-05-01 13:07:06,95597.5634571549
2025-05-01 13:07:21,96865.2039580205
2025-05-01 13:07:36,96134.8280540062
2025-05-01 13:07:51,93006.4350064999
2025-05-01 13:08:06,96969.5065176624
2025-05-01 13:08:21,94427.7972056593
2025-05-01 13:08:36,97082.1632340872
2025-05-01 13:08:51,96908.1906602657
2025-05-01 13:09:06,97235.6432230252
2025-05-01 13:09:21,93814.1463578383
2025-05-01 13:09:36,97410.4810855809
2025-05-01 13:09:51,97810.6387601145
2025-05-01 13:10:06,94311.4213813625
2025-05-01 13:10:21,94220.6393265272
2025-05-01 13:10:36,93780.1642628818
2025-05-01 13:10:51,94593.9407417205
2025-05-01 13:11:07,97256.7966963295
2025-05-01 13:11:22,95791.0491257362
2025-05-01 13:11:37,96320.7535231780
2025-05-01 13:11:52,92440.8116408249
2025-05-01 13:12:07,97076.1861723529
2025-05-01 13:12:22,95473.2706747873
2025-05-01 13:12:37,95532.4556041567
2025-05-01 13:12:52,96769.6997686950
2025-05-01 13:13:07,95283.8018426957
2025-05-01 13:13:22,97592.0607938593
2025-05-01 13:13:37,97418.7875775819
2025-05-01 13:13:52,95762.6285672512
2025-05-01 13:14:07,94535.9085313835
2025-05-01 13:14:22,95411.0019009773
2025-05-01 13:14:37,97747.1550204536
2025-05-01 13:14:52,98533.2485907740
2025-05-01 13:15:07,96204.5745417640
2025-05-01 13:15:22,95367.5265650950
2025-05-01 13:15:37,93875.2349688175
2025-05-01 13:15:52,99737.7110912896
2025-05-01 13:16:07,97094.8334107427
2025-05-01 13:16:22,97569.9366115722
2025-05-01 13:16:37,95591.0579728603
2025-05-01 13:16:52,98007.3828315669
2025-05-01 13:17:07,99141.1090816210
2025-05-01 13:17:23,97273.4145254348
2025-05-01 13:17:38,93659.4499750953
2025-05-01 13:17:53,92791.9450915145
2025-05-01 13:18:08,97100.6262463201
2025-05-01 13:18:23,97582.2156990484
2025-05-01 13:18:38,96007.7615327704
2025-05-01 13:18:53,98645.5443744510
2025-05-01 13:19:08,95413.7410225133
2025-05-01 13:19:23,97826.9827791523
2025-05-01 13:19:38,94737.5763951823
2025-05-01 13:19:53,97870.8475419071
2025-05-01 13:20:08,97602.9741332210
2025-05-01 13:20:23,93726.7966063169
2025-05-01 13:20:38,97837.5438295195
2025-05-01 13:20:53,93568.7495846507
2025-05-01 13:21:08,97543.6756344637
2025-05-01 13:21:23,95907.1487769753
2025-05-01 13:21:38,99148.7630443146
2025-05-01 13:21:53,96987.2807574345
2025-05-01 13:22:08,95683.0344685553
2025-05-01 13:22:23,97014.4280062449
2025-05-01 13:22:38,96239.3437197513
2025-05-01 13:22:53,95730.0420934610
2025-05-01 13:23:09,95417.4241475180
2025-05-01 13:23:24,96400.4425123218
2025-05-01 13:23:39,95270.5698191750
2025-05-01 13:23:54,98346.9444813843
2025-05-01 13:24:09,95774.2940523842
2025-05-01 13:24:24,94246.7093935237
2025-05-01 13:24:39,95542.7457809898
2025-05-01 13:24:54,96707.9516619412
2025-05-01 13:25:09,95451.8715534974
2025-05-01 13:25:24,95998.4901982877
2025-05-01 13:25:39,93846.8137078895
2025-05-01 13:25:54,95520.3315097136
2025-05-01 13:26:09,95106.2459970093
2025-05-01 13:26:24,94188.0729041672
2025-05-01 13:26:39,95937.3321608746
2025-05-01 13:26:54,96961.3471797503
2025-05-01 13:27:09,97232.9251178026
2025-05-01 13:27:24,95022.7298111632
2025-05-01 13:27:39,98572.7761607265
2025-05-01 13:27:54,96740.5637642410
2025-05-01 13:28:09,96807.4798964481
2025-05-01 13:28:24,94740.5939867232
2025-05-01 13:28:39,93757.1941324674
2025-05-01 13:28:54,96412.0856457714
2025-05-01 13:29:09,95105.8695757888
2025-05-01 13:29:24,96813.0063030168
2025-05-01 13:29:39,95358.5151761989
2025-05-01 13:29:55,95863.0834627655
2025-05-01 13:30:10,97055.5769141561
2025-05-01 13:30:25,95962.3094339907
2025-05-01 13:30:40,99573.7676603763
2025-05-01 13:30:55,94389.6443926183
2025-05-01 13:31:10,96436.4476309643
2025-05-01 13:31:25,97130.9373284366
2025-05-01 13:31:40,96144.9475754362
2025-05-01 13:31:55,96713.2733185075
2025-05-01 13:32:10,95570.2028660486
2025-05-01 13:32:25,95132.7728928498
2025-05-01 13:32:40,96167.4368854045
2025-05-01 13:32:55,95233.6821218204
2025-05-01 13:33:10,96463.2785663791
2025-05-01 13:33:25,97107.4602346652
2025-05-01 13:33:40,97510.3823447580
2025-05-01 16:08:25,97760.1723648951
--- Fin du log de prix : 2025-05-01 16:08:40 ---
2025-05-01 16:25:16,95981.1451502548
2025-05-01 16:25:31,96770.4931040082
2025-05-01 16:25:46,100404.3877011160
2025-05-01 16:26:01,97037.1838597480
2025-05-01 16:26:16,97307.8352745675
2025-05-01 16:26:31,94739.7015267224
2025-05-01 16:26:46,93786.6787336363
2025-05-01 16:27:01,97617.4561734958
2025-05-01 16:27:16,96353.0316015390
2025-05-01 16:27:31,99041.8937614574
2025-05-01 16:27:46,95934.3206913447
2025-05-01 16:28:01,95032.0991637988
2025-05-01 16:28:16,95792.6844864412
2025-05-01 16:28:31,96220.6115828286
2025-05-01 16:28:46,96530.0389788674
2025-05-01 16:29:01,93666.8750322501
2025-05-01 16:29:16,94952.7663915339
2025-05-01 16:29:31,94895.9528901403
2025-05-01 16:29:46,96044.2855056333
2025-05-01 16:30:01,97834.7184407609
2025-05-01 16:30:16,97470.5606300753
2025-05-01 16:30:31,96663.9285874415
2025-05-01 16:30:46,96076.9754975690
2025-05-01 16:31:01,98304.6725101321
2025-05-01 16:31:16,99206.0209592218
2025-05-01 16:31:31,98034.0521270067
2025-05-01 16:31:46,97086.7656164601
2025-05-01 16:32:02,96407.8020971690
2025-05-01 16:32:17,95917.6072397993
2025-05-01 16:32:32,94725.5967006334
2025-05-01 16:32:47,96758.2774610158
2025-05-01 16:33:02,98593.2648751983
2025-05-01 16:33:17,96718.5545503647
2025-05-01 16:33:32,96214.4594737877
2025-05-01 16:33:47,97009.1166359221
2025-05-01 16:34:02,95890.3034120381
2025-05-01 16:34:17,96850.5317175052
2025-05-01 16:34:32,96037.7402256655
2025-05-01 16:34:47,96288.7628474375
2025-05-01 16:35:02,95806.2395792718
2025-05-01 16:35:17,95892.5278677170
2025-05-01 16:35:32,96986.7718316503
2025-05-01 16:35:47,96926.8114357888
2025-05-01 16:36:02,99445.6693809334
2025-05-01 16:36:17,95725.7993928421
2025-05-01 16:36:32,94085.2055705257
2025-05-01 16:36:47,95679.2514089993
2025-05-01 16:37:02,94720.0801785703
2025-05-01 16:37:17,95807.2480138722
2025-05-01 16:37:32,96923.0117022216
2025-05-01 16:37:47,95573.1466139730
2025-05-01 16:38:02,96065.2679827636
2025-05-01 16:38:17,95780.9454288034
2025-05-01 16:38:32,96584.2574313962
2025-05-01 16:38:47,96218.4275591023
2025-05-01 16:39:02,99503.9329035343
2025-05-01 16:39:18,98732.8921400217
2025-05-01 16:39:33,96705.2980163172
2025-05-01 16:39:48,96474.5714218009
2025-05-01 16:40:03,97099.5814153429
2025-05-01 16:40:18,95491.9037760228
2025-05-01 16:40:33,95133.0992955038
2025-05-01 16:40:48,97586.4960316729
2025-05-01 16:41:03,96763.6910827187
2025-05-01 16:41:18,98355.2567657176
2025-05-01 16:41:33,97301.7980278925
2025-05-01 16:41:48,96034.4533444630
2025-05-01 16:42:03,94854.5464462221
2025-05-01 16:42:18,97463.7182481920
2025-05-01 16:42:33,97179.6093897255
2025-05-01 16:42:48,98193.5653865425
2025-05-01 16:43:03,96603.7113633844
2025-05-01 16:43:18,96666.9306686212
2025-05-01 16:43:33,94956.8415211640
2025-05-01 16:43:48,99155.8208683222
2025-05-01 16:44:03,99291.6797430472
2025-05-01 16:44:18,95530.2416937631
2025-05-01 16:44:33,94817.6096988790
2025-05-01 16:44:48,95257.6637875353
2025-05-01 16:45:03,96149.5036051441
2025-05-01 16:45:19,96042.7782137394
2025-05-01 16:45:34,101835.5373980248
2025-05-01 16:45:49,95611.2298532719
2025-05-01 16:46:04,97631.7529348560
2025-05-01 16:46:19,93292.2824948903
2025-05-01 16:46:34,95307.4539907188
2025-05-01 16:46:49,95268.9898189139
2025-05-01 16:47:04,94356.2011116358
2025-05-01 16:47:19,95366.7492706473
2025-05-01 16:47:34,94437.7533329749
2025-05-01 16:47:49,94249.7233198883
2025-05-01 16:48:04,98554.2721060629
2025-05-01 16:48:19,96688.0905314287
2025-05-01 16:48:34,95716.6232000156
2025-05-01 16:48:49,97054.4957382120
2025-05-01 16:49:04,96120.7521954429
2025-05-01 16:49:19,93938.8099709617
2025-05-01 16:49:34,96167.2005009412
2025-05-01 16:49:49,94421.2690453407
2025-05-01 16:50:04,96658.0128172533
2025-05-01 16:50:19,95640.7502039948
2025-05-01 16:50:34,94951.0403036210
2025-05-01 16:50:49,96492.1243442545
2025-05-01 16:51:04,93469.8317747745
2025-05-01 16:51:19,95082.1608219687
2025-05-01 16:51:34,96707.7679978623
2025-05-01 16:51:49,96582.9575804086
2025-05-01 16:52:05,95130.7189441309
2025-05-01 16:52:20,98092.8787257063
2025-05-01 16:52:35,96448.0552861009
2025-05-01 16:52:50,97641.5332168647
2025-05-01 16:53:05,94828.1145034390
2025-05-01 16:53:20,95269.4210052849
2025-05-01 16:53:35,97710.6417774784
2025-05-01 16:53:50,98022.7751325494
2025-05-01 16:54:05,94576.8553817672
2025-05-01 16:54:20,96054.1780617813
2025-05-01 16:54:35,96131.4082698631
2025-05-01 16:54:50,94177.7987143945
2025-05-01 16:55:05,96302.1949159145
2025-05-01 16:55:20,95564.1597884162
2025-05-01 16:55:35,98695.9361622409
2025-05-01 16:55:50,99597.8282646566
2025-05-01 16:56:05,96596.4129378484
2025-05-01 16:56:20,94269.9308644029
2025-05-01 16:56:35,96385.4363008333
2025-05-01 16:56:50,93664.8547526501
2025-05-01 16:57:05,95671.9070977820
2025-05-01 16:57:20,95607.4206692468
2025-05-01 16:57:35,94140.6593061433
2025-05-01 16:57:50,96282.1991654610
2025-05-01 16:58:05,94294.7209070767
2025-05-01 16:58:20,99192.9255700852
2025-05-01 16:58:35,95642.4765952952
2025-05-01 16:58:50,95830.1487882064
2025-05-01 16:59:05,96249.2826404410
2025-05-01 16:59:20,94440.9253197046
2025-05-01 16:59:35,95418.0409194942
2025-05-01 16:59:51,97488.0054822256
2025-05-01 17:00:06,96559.1616543202
2025-05-01 17:00:21,97417.5051012413
2025-05-01 17:00:36,96732.6830337315
2025-05-01 17:00:51,95251.4216638568
2025-05-01 17:01:06,97644.8248317122
2025-05-01 17:01:21,96907.0132717514
2025-05-01 17:01:36,96128.0185745964
2025-05-01 17:01:51,96875.9871267952
2025-05-01 17:02:06,96564.7891627750
2025-05-01 17:02:21,97172.4237040524
2025-05-01 17:02:36,97223.7108672204
2025-05-01 17:02:51,95452.9873460097
2025-05-01 17:03:06,99088.6480543197
2025-05-01 17:03:21,99243.9174466203
2025-05-01 17:03:36,95555.7402015559
2025-05-01 17:03:51,95581.3716287569
2025-05-01 17:04:06,97230.6300766717
2025-05-01 17:04:21,95458.6537031677
2025-05-01 17:04:36,95699.7802705106
2025-05-01 17:04:51,96527.0613984054
2025-05-01 17:05:06,98834.7307850815
2025-05-01 17:05:21,97727.7716416986
2025-05-01 17:05:36,95418.0659420315
2025-05-01 17:05:51,95262.8154406384
2025-05-01 17:06:07,97210.6659014594
2025-05-01 17:06:22,97740.5101638539
2025-05-01 17:06:37,97226.8539908127
2025-05-01 17:06:52,96551.5016955670
2025-05-01 17:07:07,95930.2178942221
2025-05-01 17:07:22,95967.7510146995
2025-05-01 17:07:37,97009.0035550969
2025-05-01 17:07:52,95994.0025305519
2025-05-01 17:08:07,94743.6538615425
2025-05-01 17:08:22,97667.0857920405
2025-05-01 17:08:37,98627.3790738497
2025-05-01 17:08:52,96512.9281205331
2025-05-01 17:09:07,98448.9432037922
2025-05-01 17:09:22,98895.0752296699
2025-05-01 17:09:37,94499.2836488975
2025-05-01 17:09:52,97645.9138640873
2025-05-01 17:10:07,93748.0002281963
2025-05-01 17:10:22,97521.0179570583
2025-05-01 17:10:37,97576.4407620824
2025-05-01 17:10:52,94465.7832830288
2025-05-01 17:11:07,95999.9209973611
2025-05-01 17:11:22,98389.3182407565
2025-05-01 17:11:37,96797.9096560723
2025-05-01 17:11:52,97290.4383552182
2025-05-01 17:12:07,99685.9781679833
2025-05-01 17:12:22,98267.8578810254
2025-05-01 17:12:37,96657.2863050057
2025-05-01 17:12:53,97821.1315569272
2025-05-01 17:13:08,97571.7161752448
2025-05-01 17:13:23,94025.7796807992
2025-05-01 17:13:38,97104.0695827011
2025-05-01 17:13:53,99223.6954417441
2025-05-01 17:14:08,97833.3813487551
2025-05-01 17:14:23,96304.0969588435
2025-05-01 17:14:38,97428.1087315073
2025-05-01 17:14:53,96795.0431288764
2025-05-01 17:15:08,97695.7692418072
2025-05-01 17:15:23,99171.4823457668
2025-05-01 17:15:38,95711.8392615071
2025-05-01 17:15:53,97692.9292172844
2025-05-01 17:16:08,95769.4035035627
2025-05-01 17:16:23,98941.3041322404
2025-05-01 17:16:38,98953.9362796433
2025-05-01 17:16:53,98588.7804528825
2025-05-01 17:17:08,98025.1449789614
2025-05-01 17:17:23,98589.8199350760
2025-05-01 17:17:38,98756.1732462111
2025-05-01 17:17:53,96208.5154427738
2025-05-01 17:18:08,98590.5191033382
2025-05-01 17:18:23,95011.6684435595
2025-05-01 17:18:38,96238.4850146972
2025-05-01 17:18:54,99227.5500542801
2025-05-01 17:19:09,95854.6216254878
2025-05-01 17:19:24,98008.1647456993
2025-05-01 17:19:39,98118.0435115975
2025-05-01 17:19:54,96211.3750893190
2025-05-01 17:20:09,97762.2834184540
2025-05-01 17:20:24,99380.9080009153
2025-05-01 17:20:39,100528.7948325893
2025-05-01 17:20:54,94977.4754497862
2025-05-01 17:21:09,94285.0401461612
2025-05-01 17:21:24,95137.5812600211
2025-05-01 17:21:39,97497.9353290393
2025-05-01 17:21:54,97596.0523333482
2025-05-01 17:22:09,95858.8262966388
2025-05-01 17:22:24,96998.9591604065
2025-05-01 17:22:39,97065.8047918654
2025-05-01 17:22:54,96958.8306050652
2025-05-01 17:23:09,99685.2611706601
2025-05-01 17:23:24,97859.3896933756
2025-05-01 17:23:39,94038.7952023771
2025-05-01 17:23:54,99149.9959146550
2025-05-01 17:24:09,97115.8569876888
2025-05-01 17:24:24,98365.0425867973
2025-05-01 17:24:39,96998.4188935651
2025-05-01 17:24:54,96172.6437457866
2025-05-01 17:25:09,98020.7004407148
2025-05-01 17:25:24,97282.7677735743
2025-05-01 17:25:39,96281.6122489254
2025-05-01 17:25:54,96219.7070536032
2025-05-01 17:26:09,96620.1067730542
2025-05-01 17:26:24,99418.7577410782
2025-05-01 17:26:40,97144.5834868243
2025-05-01 17:26:55,98460.0463319770
2025-05-01 17:27:10,95975.1206186549
2025-05-01 17:27:25,97471.6424360378
2025-05-01 17:27:40,96767.4818958485
2025-05-01 17:27:55,99577.7806713146
2025-05-01 17:28:10,97038.7699407324
2025-05-01 17:28:25,95115.2082598521
2025-05-01 17:28:40,98006.3940047794
2025-05-01 17:28:55,95785.6321396800
2025-05-01 17:29:10,96291.8183553533
2025-05-01 17:29:25,95467.5310898266
2025-05-01 17:29:40,95018.3752897886
2025-05-01 17:29:55,94929.0152690640
2025-05-01 17:30:10,98042.9325943615
2025-05-01 17:30:25,96030.5591466582
2025-05-01 17:30:40,99124.6165794717
2025-05-01 17:30:55,96756.9495350524
2025-05-01 17:31:10,96866.3844274004
2025-05-01 17:31:25,96647.3493094237
2025-05-01 17:31:40,98250.6518410487
2025-05-01 17:31:55,98776.0396853354
2025-05-01 17:32:11,98630.3826881547
2025-05-01 17:32:26,95527.2619250506
2025-05-01 17:32:41,95488.0611068729
2025-05-01 17:32:56,98184.4378082348
2025-05-01 17:33:11,99432.0688800018
2025-05-01 17:33:26,98643.2644848775
2025-05-01 17:33:41,96966.5861361168
2025-05-01 17:33:56,95919.2347554227
2025-05-01 17:34:11,97947.2404485108
2025-05-01 17:34:26,97256.0864102978
2025-05-01 17:34:41,96565.9347478018
2025-05-01 17:34:56,96988.2344769551
2025-05-01 17:35:11,98489.2919013234
2025-05-01 17:35:26,97870.0600719154
2025-05-01 17:35:41,97352.8936268209
2025-05-01 17:35:56,95673.9800030730
2025-05-01 17:36:11,98583.5418731844
2025-05-01 17:36:26,93717.4292470090
2025-05-01 17:36:41,98720.5391392465
2025-05-01 17:36:56,98331.8518863609
2025-05-01 17:37:11,97371.4636230404
2025-05-01 17:37:26,95868.1493490758
2025-05-01 17:37:41,96169.0925634932
2025-05-01 17:37:56,97054.6690354737
2025-05-01 17:38:11,98878.5904693601
2025-05-01 17:38:26,98476.6901768251
2025-05-01 17:38:41,96388.0160044924
2025-05-01 17:38:57,95194.8064700875
2025-05-01 17:39:12,97350.7419062587
2025-05-01 17:39:27,96266.9233416987
2025-05-01 17:39:42,97531.5377066152
2025-05-01 17:39:57,94675.8455399011
2025-05-01 17:40:12,96919.0869829416
2025-05-01 17:40:27,94711.2460106156
2025-05-01 17:40:42,96092.7436923291
2025-05-01 17:40:57,99193.4346363383
2025-05-01 17:41:12,98012.1235939063
2025-05-01 17:41:27,96670.8708321676
2025-05-01 17:41:42,96310.1500798963
2025-05-01 17:41:57,96702.1289998358
2025-05-01 17:42:12,98038.6099649460
2025-05-01 17:42:27,98581.1232461585
2025-05-01 17:42:42,98016.9811892968
2025-05-01 17:42:57,96022.7159329681
2025-05-01 17:43:12,95379.6611542636
2025-05-01 17:43:27,94954.9523097882
2025-05-01 17:43:42,99302.7400465994
2025-05-01 17:43:57,97974.3605938364
2025-05-01 17:44:12,97383.8592156614
2025-05-01 17:44:27,98096.3737068282
2025-05-01 17:44:42,98094.5820678539
2025-05-01 17:44:57,96288.5288878617
2025-05-01 17:45:12,97226.7841030403
2025-05-01 17:45:27,96613.3447077827
2025-05-01 17:45:42,96306.0891820491
2025-05-01 17:45:58,96727.9420306450
2025-05-01 17:46:13,97459.0649323526
2025-05-01 17:46:28,94933.4626407755
2025-05-01 17:46:43,94883.2907279871
2025-05-01 17:46:58,101155.0797553649
2025-05-01 17:47:13,97639.5814590142
2025-05-01 17:47:28,97514.4520662105
2025-05-01 17:47:43,97132.8267573193
2025-05-01 17:47:58,96249.5985174650
2025-05-01 17:48:13,95069.2714038692
2025-05-01 17:48:28,97228.0913290102
2025-05-01 17:48:43,96978.7790177054
2025-05-01 23:51:02,96648.4164046483
2025-05-01 23:51:18,96161.5515805778
2025-05-01 23:51:33,98017.5407404625
2025-05-01 23:51:48,98300.5953645451
2025-05-02 00:00:44,96549.5645330726
2025-05-02 00:16:46,94227.2784703450
2025-05-02 00:17:01,97433.6425022957
2025-05-02 00:20:03,96088.5156968244
2025-05-02 00:20:18,97759.5517492053
2025-05-02 00:20:34,97675.0039995843
2025-05-02 00:20:49,98546.3228684424
2025-05-02 00:21:04,97735.9989862405
2025-05-02 00:21:19,94539.2120377614
2025-05-02 00:21:34,95941.6289372133
2025-05-02 00:21:49,95455.6742694028
2025-05-02 00:22:04,99167.8742797292
2025-05-02 00:23:42,97585.1662369285
2025-05-02 00:23:57,96763.4718994716
2025-05-02 00:24:12,94543.2089177479
2025-05-02 00:24:27,98230.5605202932
2025-05-02 00:24:42,99522.9674553628
2025-05-02 08:51:41,98292.2818145430
2025-05-02 08:51:56,99513.5644849188
2025-05-02 08:52:12,95575.0684677334
2025-05-02 08:52:27,93839.3388973463
2025-05-02 08:52:42,96851.2570759012
2025-05-02 08:52:57,97547.7906969332
2025-05-02 08:53:12,95337.2220285376
2025-05-02 08:53:27,98586.0514819567
2025-05-02 09:09:00,95421.5563161594
2025-05-02 09:09:15,97114.5647697309
2025-05-02 09:09:30,99086.1256911345
2025-05-02 09:36:23,97183.5087644283
2025-05-02 09:36:38,96390.5045006881
2025-05-02 09:36:53,98278.9043114237
2025-05-02 09:37:08,94644.1375508814
2025-05-02 09:37:23,95158.3970875284
2025-05-02 09:37:38,99151.0391364146
2025-05-02 09:37:53,97549.3107278046
2025-05-02 09:38:08,94668.0925120381
2025-05-02 09:38:23,97433.4420788197
2025-05-02 09:38:38,96584.4853517615
2025-05-02 09:38:53,98923.7334553923
2025-05-02 09:39:08,96220.9112897938
2025-05-02 09:39:23,98379.8500958209
2025-05-02 09:39:38,93975.0224759572
2025-05-02 09:39:53,94029.9983984385
2025-05-02 09:40:08,97593.4108245993
2025-05-02 09:40:23,96526.1676723935
2025-05-02 09:40:38,94687.9161577033
2025-05-02 09:40:53,99305.1599717626
2025-05-02 09:41:09,98328.5075828029
2025-05-02 09:41:24,96413.4431584449
2025-05-02 09:41:39,97521.9777443051
2025-05-02 09:41:54,96521.3600458801
2025-05-02 09:42:09,95386.4964061300
2025-05-02 09:42:24,99096.4938025312
2025-05-02 09:42:39,98339.0568715352
2025-05-02 09:42:54,96546.6074666697
2025-05-02 09:43:09,97491.1934876602
2025-05-02 09:43:24,96948.3198372616
2025-05-02 09:43:39,98727.1892458265
2025-05-02 09:44:12,97891.3819161745
2025-05-02 09:44:27,96227.4784538853
2025-05-02 09:44:42,95624.2395230851
2025-05-02 09:44:57,95661.7159755733
2025-05-02 09:45:12,97404.6280573144
2025-05-02 09:45:28,97338.5616457559
2025-05-02 09:45:43,97463.8826400240
2025-05-02 09:45:58,96701.9202116663
2025-05-02 09:46:13,96878.1646677292
2025-05-02 09:46:28,96691.1614175291
2025-05-02 09:46:43,97809.9866754583
2025-05-02 09:51:20,95578.0073694584
2025-05-02 09:51:35,96425.2772384412
2025-05-02 09:51:50,97113.5603230037
2025-05-02 09:52:05,97308.7825500171
2025-05-02 09:59:47,97603.3955075464
2025-05-02 10:00:02,98224.5369786652
2025-05-02 10:01:53,96513.1926553044
2025-05-02 10:02:08,96205.2448337502
2025-05-02 10:02:23,98554.3023233844
2025-05-02 10:02:38,98287.8975511258
2025-05-02 10:03:07,98259.9095760781
2025-05-02 10:03:22,96828.3569121330
2025-05-02 10:27:27,95126.0297224921
2025-05-02 10:27:42,98462.6472854132
2025-05-02 10:27:57,95169.8323085469
2025-05-02 10:28:12,94181.7719231395
2025-05-02 10:28:27,95632.7750709708
2025-05-02 10:28:42,96492.0326574989
2025-05-02 10:28:57,96315.3645687492
2025-05-02 10:29:12,93301.6683005441
2025-05-02 10:29:27,97161.9727139078
2025-05-02 10:53:13,97125.0951682292
2025-05-02 10:53:28,97717.0453720345
2025-05-02 10:53:43,96755.6175855985
2025-05-02 10:53:58,98388.4599433580
2025-05-02 10:54:13,96887.1203192451
2025-05-02 10:54:28,96136.9923121665
2025-05-02 10:54:43,98580.9969449539
2025-05-02 10:54:58,96726.2882519401
2025-05-02 10:55:13,98746.6071023339
2025-05-02 10:55:28,96229.3847364575
2025-05-02 10:55:43,97224.6179054184
2025-05-02 10:55:58,94376.0128099685
2025-05-02 10:56:13,96979.6018549033
2025-05-02 10:56:28,97627.7427491624
2025-05-02 10:56:43,95251.4725516649
2025-05-02 10:56:58,97233.5655092653
2025-05-02 10:57:14,97131.8490505442
2025-05-02 10:57:29,97765.7169989329
2025-05-02 10:57:44,96260.8224604818
2025-05-02 10:57:59,94773.9613391654
2025-05-02 11:03:07,95083.2230802753
2025-05-02 11:03:22,95714.3487220941
2025-05-02 11:03:38,99835.6673302064
2025-05-02 11:03:53,96270.7348896791
2025-05-02 11:17:07,97069.4962418221
2025-05-02 11:17:22,99456.3749390404
2025-05-02 11:17:37,95822.4928977401
2025-05-02 11:17:52,95183.3124171478
2025-05-02 11:20:35,97608.8641072135
2025-05-02 11:20:50,98057.8044368996
2025-05-02 11:21:05,96249.3413949136
2025-05-02 11:21:20,97093.6230443623
2025-05-02 14:01:48,95017.0062513967
2025-05-02 14:02:03,97750.9745344302
2025-05-02 14:02:18,97858.8558554344
2025-05-02 14:02:33,98177.3765942046
2025-05-02 14:02:48,97548.3374413531
2025-05-02 14:03:58,95785.0486090777
2025-05-02 14:04:13,95842.5850914446
2025-05-02 14:04:28,98005.2505979424
2025-05-02 14:04:43,96175.6649625310
2025-05-02 14:04:58,96506.7916719173
2025-05-02 14:32:22,95488.8336413992
2025-05-02 14:32:37,98002.4906116136
2025-05-02 14:32:52,96897.0588458991
2025-05-02 14:33:07,96931.0881244683
2025-05-02 15:17:52,95289.0574634205
2025-05-02 15:18:07,95461.7540796657
2025-05-02 15:18:22,98261.1630004932
2025-05-02 15:18:37,96680.3956501210
2025-05-02 15:18:52,97383.0835112710
2025-05-02 15:19:07,95775.5496084651
2025-05-02 15:19:22,96601.9021550460
2025-05-02 15:19:37,98059.3727870217
2025-05-02 15:27:15,98431.3006186487
2025-05-02 15:27:30,94885.3461164617
2025-05-02 15:33:52,95121.1082746958
2025-05-02 15:34:07,96273.1246841304
2025-05-02 15:34:22,96872.5240396058
2025-05-02 15:39:29,97043.7864481779
2025-05-02 15:39:44,94487.7360001931
2025-05-02 15:39:59,97610.3628419101
2025-05-02 15:40:14,95631.2410403899
2025-05-02 15:40:29,99023.1232197432
2025-05-02 15:40:44,96596.4898424626
2025-05-02 15:40:59,98718.4833175423
2025-05-02 15:41:14,98479.7740609670
2025-05-02 15:41:29,96312.4599429808
2025-05-02 15:41:44,96998.6583174077
2025-05-02 15:41:59,97027.6451225156
2025-05-02 15:42:14,95883.7586366539
2025-05-02 15:42:29,95081.9765773194
2025-05-02 15:42:45,100802.0181065575
2025-05-02 15:43:00,96301.6628089253
2025-05-02 15:43:15,96998.1238033567
2025-05-02 15:43:30,98764.1769432013
2025-05-02 15:43:45,94154.1458874613
2025-05-02 15:44:00,97737.0094777962
2025-05-02 15:44:15,96832.3242420655
2025-05-02 15:44:30,97796.0406233436
2025-05-02 15:44:45,96463.9988183350
2025-05-02 15:45:00,95265.4768267705
2025-05-02 15:45:15,96854.8455859458
2025-05-02 15:45:30,94820.8801823989
2025-05-02 15:45:45,94519.8793898501
2025-05-02 15:46:00,95588.2838143967
2025-05-02 15:46:15,95805.7472399048
2025-05-02 15:46:30,95810.8616323464
2025-05-02 15:46:45,96550.3859987059
2025-05-02 15:47:01,97830.1931871220
2025-05-02 15:47:16,98139.0619291105
2025-05-02 15:47:31,97382.9108789786
2025-05-02 15:47:46,97933.3334284953
2025-05-02 15:48:01,97026.3335503708
2025-05-02 15:48:16,99569.1451372728
2025-05-02 15:48:31,97445.0010353753
2025-05-02 15:48:46,95968.7258649691
2025-05-02 15:49:01,98055.3115819769
2025-05-02 15:49:16,97208.3178998773
2025-05-02 15:49:31,98935.6015967704
2025-05-02 15:49:46,99249.5059648567
2025-05-02 15:50:01,95523.6734676278
2025-05-02 15:50:16,98946.0153486859
2025-05-02 15:50:31,98121.2071166576
2025-05-02 15:50:46,96194.2945274719
2025-05-02 15:51:01,99647.4923354391
2025-05-02 15:51:16,94105.9345198568
2025-05-02 15:51:31,97047.2713812209
2025-05-02 15:51:46,101310.2605567597
2025-05-02 15:52:01,97526.7768162502
2025-05-02 15:52:16,98672.3269737339
2025-05-02 15:52:31,99019.7662690614
2025-05-02 15:57:51,97313.2921881047
2025-05-02 15:58:06,99494.8275119228
2025-05-02 15:58:21,94864.3926669023
2025-05-02 15:58:36,97088.1708381793
2025-05-02 15:58:51,93759.8436330182
2025-05-02 15:59:06,96487.5063000095
2025-05-02 15:59:21,94358.1196131947
2025-05-02 15:59:36,96027.2542467695
2025-05-02 15:59:51,96504.7875579054
2025-05-02 16:00:06,95356.9805037032
2025-05-02 16:00:21,96970.6477842591
2025-05-02 16:00:36,98123.5943160418
2025-05-02 16:00:51,97150.6993099040
2025-05-02 16:01:06,95666.2253128330
2025-05-02 16:01:22,96521.9330499216
2025-05-02 16:01:37,92347.9238979471
2025-05-02 16:01:52,94810.1970718371
2025-05-02 16:02:07,96778.3706043062
2025-05-02 16:02:22,94045.2309946272
2025-05-02 16:02:37,94778.4756723885
2025-05-02 16:02:52,97562.3815624043
2025-05-02 16:03:07,96752.9860763716
2025-05-02 16:03:22,94981.0610301402
2025-05-02 16:03:37,96497.1850724201
2025-05-02 16:03:52,97026.8348747856
2025-05-02 16:04:07,96988.7337459454
2025-05-02 16:04:22,96674.4395383200
2025-05-02 16:04:37,98239.7691035175
2025-05-02 16:04:52,98015.4783508873
2025-05-02 16:05:07,99053.2967770762
2025-05-02 16:05:22,97026.2442296161
2025-05-02 16:05:37,96693.1712376547
2025-05-02 16:05:52,98564.4797209925
2025-05-02 16:06:07,98986.1998110837
2025-05-02 16:06:22,96285.8478307267
2025-05-02 16:06:37,96460.8455943237
2025-05-02 16:06:53,97488.9340327761
2025-05-02 16:07:08,95435.6516620186
2025-05-02 16:07:23,95885.7252709862
2025-05-02 16:07:38,96273.5856540958
2025-05-02 16:07:53,96026.2015784211
2025-05-02 16:08:08,96437.9752682690
2025-05-02 16:08:23,98816.4154900158
2025-05-02 16:08:38,97315.9702049666
2025-05-02 16:08:53,94392.1129240894
2025-05-02 16:09:08,99606.3373620679
2025-05-02 16:09:23,94405.4531095854
2025-05-02 16:09:38,97565.0549474037
2025-05-02 16:09:53,98585.3587997580
2025-05-02 16:10:08,96126.4858486712
2025-05-02 16:10:23,97303.9055215695
2025-05-02 16:10:38,98309.8794636986
2025-05-02 16:10:53,95038.8332875876
2025-05-02 16:11:08,97823.6129087125
2025-05-02 16:11:23,97313.2830950829
2025-05-02 16:11:38,95651.3848147900
2025-05-02 16:11:53,98336.2430384943
2025-05-02 16:12:08,98666.1852146575
2025-05-02 16:12:24,96257.4679466890
2025-05-02 16:12:39,97207.6060145595
2025-05-02 16:12:54,93093.2171016225
2025-05-02 16:13:09,95904.9681974634
2025-05-02 16:13:24,96172.6549306025
2025-05-02 16:13:39,95777.5791289521
2025-05-02 16:13:54,96198.4174187230
2025-05-02 16:14:09,97192.2374086802
2025-05-02 16:14:24,95593.7867837615
2025-05-02 16:14:39,96651.3667475430
2025-05-02 16:14:54,97337.2644405618
2025-05-02 16:15:09,97472.7612836298
2025-05-02 16:15:24,97813.2050430026
2025-05-02 16:35:23,96732.2929866182
2025-05-02 16:35:38,97540.1882053969
2025-05-02 16:35:53,97342.8272347399
2025-05-02 16:36:08,96383.1856420454
2025-05-02 16:36:23,94746.3857602087
2025-05-02 16:36:38,97263.0873213733
2025-05-02 16:36:53,96329.3468591151
2025-05-02 17:47:43,99324.0832934168
2025-05-02 17:47:58,98280.1893671743
2025-05-02 17:48:13,97884.7137974454
2025-05-02 17:48:28,97442.3575873044
2025-05-02 17:48:43,96543.6658343584
2025-05-02 17:48:58,97972.8855079809
2025-05-02 17:49:13,96700.0061761563
2025-05-02 17:49:28,97368.6464695913
2025-05-02 17:49:43,96966.2164027327
2025-05-02 17:49:58,96521.4188200044
2025-05-02 17:50:13,97966.8470464078
2025-05-02 17:50:28,96758.4869376433
2025-05-02 17:50:43,97911.4299402953
2025-05-02 17:50:58,96839.1903423038
2025-05-02 17:51:13,97668.2515758956
2025-05-02 17:51:28,100025.9660216637
2025-05-02 17:51:43,99178.5599797789
2025-05-02 17:51:58,97653.0833900597
2025-05-02 17:52:13,96442.4838782590
2025-05-02 17:52:28,97910.5777172038
2025-05-02 17:52:43,96479.3176050966
2025-05-02 17:52:58,97026.2115083018
2025-05-02 17:53:14,96387.1844001877
2025-05-02 17:53:29,98801.1274117264
2025-05-02 17:53:44,96993.6323445669
2025-05-02 17:53:59,96734.2497149787
2025-05-02 17:56:09,97552.1621478008
2025-05-02 17:56:24,95957.4150911599
2025-05-02 17:56:39,97063.1776055526
2025-05-02 17:56:54,96532.1102606708
2025-05-02 17:57:09,98837.7202360835
2025-05-02 17:57:24,96657.8219581436
2025-05-02 17:57:39,97930.9621843814
2025-05-02 17:57:54,95305.6691581880
2025-05-02 17:58:09,97225.9399971494
2025-05-02 17:58:25,97558.2793791988
2025-05-02 17:58:40,95041.6229899739
2025-05-02 17:58:55,99203.5257086337
2025-05-02 17:59:10,97724.7698829023
2025-05-02 17:59:25,99526.0464311569
2025-05-02 17:59:40,96726.6165931074
